<?xml version="1.0"?>
<opencv_storage>
<camera_matrix type_id="opencv-matrix">
  <rows>3</rows>
  <cols>3</cols>
  <dt>d</dt>
  <data>
    6.2906226165810801e+02 0. 3.0537034090696608e+02 0.
    6.2992000391022407e+02 2.1831361186382952e+02 0. 0. 1.</data></camera_matrix>
<distortion_coefficients type_id="opencv-matrix">
  <rows>1</rows>
  <cols>5</cols>
  <dt>d</dt>
  <data>
    1.2669917946116444e-01 -3.5742741397703731e-01
    -3.4081660629280801e-03 2.9858744694681236e-03
    5.6905220380369470e-01</data></distortion_coefficients>
</opencv_storage>
